{"performance":[{"type":"Insertion","runtime":0.02164899930357933,"comparisons":978,"exchanges":978,"runtimeSet":[0.21602800115942955,0.42717400193214417,1.3923630006611347,3.556434001773596,0.39026999846100807,0.5435479991137981,0.7784010022878647,0.9450099989771843,1.174310002475977,1.533245999366045,2.0227930024266243,2.2029910013079643,2.6220329999923706,3.0485039986670017,3.3737409971654415,3.9693230018019676,4.462838001549244,5.144248999655247,5.5851879976689816,6.202498000115156,6.703223999589682,7.551337998360395,7.7773980014026165,8.750894997268915,9.78863400220871,10.35240999981761,10.937878999859095,11.902582999318838,12.31777000054717,13.739610999822617,14.318427998572588,15.69973599910736,16.168278999626637,17.09256600216031,18.1001220010221,19.76893100142479,21.340964000672102,22.16024100035429,23.16057899966836,25.043452002108097,25.52540499716997,27.585666999220848,28.24941499903798,30.231081001460552,31.691041000187397,32.85097600147128,35.48004299774766,34.4027560018003,34.10453199967742,38.687041997909546,40.697654999792576,40.134558998048306,40.95627399906516,42.57933799922466,46.193065997213125,48.252512998878956,48.82950299978256,48.77761900052428,53.92872500047088,55.52915599942207,57.29246700182557,59.51828600093722,58.87423500046134,59.98983300104737,60.84197499975562,64.03246299922466,69.1480370014906,70.26032399758697,73.54949600249529,75.31570800021291,76.68812800198793,79.21088200062513,82.15125399827957,86.24022099748254,87.07441499829292,85.38566400110722,89.79349200055003,91.25308899953961,90.57379600033164,94.4704010002315,100.58677599951625,104.17528700083494,102.67598599940538,104.25233099982142,104.72588099911809,111.0208150036633,118.15500699728727,111.13541100174189,115.80667899921536,123.7938770018518,127.90018600225449,127.96281599998474,128.98036799952388,129.6654569990933,133.69858900085092,139.73667000234127,140.01762899756432,139.3246320001781,142.97013000026345,152.55054900050163,157.750499997288,152.633806001395,157.2449700012803,154.8397639989853,170.6133400015533,171.10205199941993,169.57478599995375,176.85785300284624,182.19114200025797,188.8510400019586,188.53968399763107,186.23155599832535,203.25175699964166,205.8311449997127,194.3353489972651,208.73689299821854,209.71803499758244,205.69532499834895,217.99293199926615,234.58004700019956,220.87160900235176,217.39941700175405,220.43012699857354,221.85578100010753,226.93983199819922,233.62605699896812,231.78395999968052,241.0242640003562,245.15222200006247,253.77166399732232,251.42375400289893,253.6148520000279,253.8585059978068,262.82469400018454,268.8830309994519,267.5359439998865,275.44837300106883,285.0664619989693,295.4886679984629,299.4268580004573,304.69072499871254,316.3167449980974,308.91907300055027,316.9074530005455,314.16964799910784,317.5766380019486,334.58377699926496,326.7165950015187,332.83524300158024,339.48412200063467,347.63858899846673,346.88631900027394,353.27448900043964,345.7169610001147,353.50262099877,363.1170700006187],"inputSet":[64,128,192,256,320,384,448,512,576,640,704,768,832,896,960,1024,1088,1152,1216,1280,1344,1408,1472,1536,1600,1664,1728,1792,1856,1920,1984,2048,2112,2176,2240,2304,2368,2432,2496,2560,2624,2688,2752,2816,2880,2944,3008,3072,3136,3200,3264,3328,3392,3456,3520,3584,3648,3712,3776,3840,3904,3968,4032,4096,4160,4224,4288,4352,4416,4480,4544,4608,4672,4736,4800,4864,4928,4992,5056,5120,5184,5248,5312,5376,5440,5504,5568,5632,5696,5760,5824,5888,5952,6016,6080,6144,6208,6272,6336,6400,6464,6528,6592,6656,6720,6784,6848,6912,6976,7040,7104,7168,7232,7296,7360,7424,7488,7552,7616,7680,7744,7808,7872,7936,8000,8064,8128,8192,8256,8320,8384,8448,8512,8576,8640,8704,8768,8832,8896,8960,9024,9088,9152,9216,9280,9344,9408,9472,9536,9600,9664,9728,9792,9856,9920,9984]},{"type":"Quick","runtime":0.016266997903585434,"comparisons":207,"exchanges":249,"runtimeSet":[0.18233899772167206,0.0805949978530407,0.22997000068426132,0.235020000487566,0.5740280002355576,0.279108002781868,0.09984800219535828,0.12305999919772148,0.13519100099802017,0.16044699773192406,0.15497500076889992,0.18064500018954277,0.18369899690151215,0.21326499804854393,0.6432689987123013,0.20969200134277344,0.24628600105643272,0.2432439997792244,0.2528130002319813,0.2726910002529621,0.2712860032916069,0.29806800186634064,0.313596997410059,0.32524899765849113,0.34423600137233734,0.36130400002002716,0.3653009980916977,0.3679700009524822,0.3977230004966259,0.43009499832987785,0.4822219982743263,0.43506399914622307,0.4502279981970787,0.4761040024459362,0.5045609995722771,0.5139650031924248,0.6349740028381348,0.5570660009980202,0.6080939993262291,0.5704740025103092,0.636488001793623,0.5920329988002777,0.6414639987051487,0.6911059990525246,0.6763070002198219,0.6971199996769428,0.7492149993777275,0.6950460001826286,0.764214001595974,0.740956999361515,0.7564230002462864,0.7421690002083778,0.856674000620842,0.7788619995117188,0.8110790029168129,0.9099930003285408,0.9272280000150204,0.9683259986341,0.9088949970901012,0.932387001812458,1.7479970008134842,0.985980998724699,0.9402539990842342,0.922351997345686,1.0012000016868114,0.9769330024719238,1.133168999105692,1.099907997995615,1.2573789991438389,1.1001389995217323,1.1198819987475872,1.1719570010900497,1.1369850002229214,1.192035999149084,1.1468750014901161,1.1613620035350323,1.2278490029275417,1.202333003282547,1.1937969997525215,1.3109249994158745,1.254602998495102,1.3437919989228249,1.3506380021572113,1.3111900016665459,1.3490989990532398,1.423897996544838,1.3877829983830452,1.3232260011136532,1.2993419989943504,1.4927089996635914,1.5167490020394325,1.4894349984824657,1.519776999950409,1.4136749990284443,1.6183129996061325,1.593138001859188,1.65089800208807,1.5531590022146702,1.6026149988174438,1.6325719989836216,1.702123999595642,1.5917010009288788,1.6982180029153824,1.6969239972531796,1.8410689979791641,1.6423249989748,1.7780330032110214,1.7082989998161793,1.7638440020382404,1.9354840032756329,1.7265440002083778,1.7853190004825592,2.0015430003404617,1.9520700015127659,1.7883289977908134,2.0751839987933636,1.8733469992876053,1.9229229986667633,2.0018830001354218,1.9700939990580082,1.97494800016284,1.9328550025820732,2.012900996953249,2.023106999695301,2.0519150011241436,2.0306660011410713,2.162255998700857,2.04067499935627,2.2550990022718906,2.4858550019562244,2.1218819990754128,2.1741480007767677,2.1257359981536865,2.1604609973728657,2.1762119978666306,2.150619000196457,2.3220550008118153,2.4198409989476204,2.394310999661684,2.68070600181818,2.437141001224518,2.4506249986588955,2.4138300009071827,2.673276998102665,2.4472609981894493,2.6547500006854534,2.777633998543024,2.350842997431755,2.5003590025007725,2.3340540006756783,2.618649996817112,2.512958999723196,2.6127959974110126,2.7596740014851093,2.5479990020394325,2.704443998634815],"inputSet":[64,128,192,256,320,384,448,512,576,640,704,768,832,896,960,1024,1088,1152,1216,1280,1344,1408,1472,1536,1600,1664,1728,1792,1856,1920,1984,2048,2112,2176,2240,2304,2368,2432,2496,2560,2624,2688,2752,2816,2880,2944,3008,3072,3136,3200,3264,3328,3392,3456,3520,3584,3648,3712,3776,3840,3904,3968,4032,4096,4160,4224,4288,4352,4416,4480,4544,4608,4672,4736,4800,4864,4928,4992,5056,5120,5184,5248,5312,5376,5440,5504,5568,5632,5696,5760,5824,5888,5952,6016,6080,6144,6208,6272,6336,6400,6464,6528,6592,6656,6720,6784,6848,6912,6976,7040,7104,7168,7232,7296,7360,7424,7488,7552,7616,7680,7744,7808,7872,7936,8000,8064,8128,8192,8256,8320,8384,8448,8512,8576,8640,8704,8768,8832,8896,8960,9024,9088,9152,9216,9280,9344,9408,9472,9536,9600,9664,9728,9792,9856,9920,9984]},{"type":"Merge","runtime":0.029008999466896057,"comparisons":151,"exchanges":768,